{"desc": "由脚本dstserver.sh创建！", "hideminimap": "false", "id": "SURVIVAL_TOGETHER", "location": "forest", "max_playlist_position": "999", "min_playlist_position": "0", "name": "游山玩水--由脚本dstserver.sh创建！", "numrandom_set_pieces": "4", "override_level_string": "false", "overrides": [{"name": "has_ocean", "value": "true", "type": "other", "label": "海洋"}, {"name": "no_joining_islandsb", "value": "true", "type": "other", "label": "小岛分离"}, {"name": "no_wormholes_to_disconnected_tiles", "value": "true", "type": "other", "label": "不连接的陆地没有虫洞"}, {"name": "keep_disconnected_tiles", "value": "true", "type": "other", "label": "保持陆地分离"}, {"name": "autumn", "value": "default", "type": "environment", "label": "秋天", "options": [{"value": "noseason", "label": "无"}, {"value": "veryshortseason", "label": "很短"}, {"value": "shortseason", "label": "短"}, {"value": "longseason", "label": "长"}, {"value": "verylongseason", "label": "很长"}, {"value": "random", "label": "随机"}, {"value": "default", "label": "默认"}]}, {"name": "boons", "value": "default", "type": "environment", "label": "前辈遗迹", "options": [{"value": "never", "label": "无"}, {"value": "rare", "label": "较少"}, {"value": "default", "label": "默认"}, {"value": "often", "label": "较多"}, {"value": "always", "label": "大量"}]}, {"name": "branching", "value": "default", "type": "environment", "label": "岔路地形", "options": [{"value": "never", "label": "无"}, {"value": "least", "label": "最少"}, {"value": "default", "label": "默认"}, {"value": "most", "label": "最多"}, {"value": "random", "label": "随机"}]}, {"name": "day", "value": "longday", "type": "environment", "label": "昼夜长短", "options": [{"value": "longday", "label": "长白昼"}, {"value": "longdusk", "label": "长黄昏"}, {"value": "longnight", "label": "长夜晚"}, {"value": "noday", "label": "无白昼"}, {"value": "nodusk", "label": "无黄昏"}, {"value": "nonight", "label": "无夜晚"}, {"value": "onlyday", "label": "仅白昼"}, {"value": "onlydusk", "label": "仅黄昏"}, {"value": "onlynight", "label": "仅夜晚"}]}, {"name": "disease_delay", "value": "default", "type": "environment", "label": "作物患病", "options": [{"value": "none", "label": "无"}, {"value": "random", "label": "随机"}, {"value": "long", "label": "慢"}, {"value": "default", "label": "默认"}, {"value": "short", "label": "快"}]}, {"name": "frograin", "value": "default", "type": "environment", "label": "青蛙雨", "options": [{"value": "never", "label": "无"}, {"value": "rare", "label": "较少"}, {"value": "default", "label": "默认"}, {"value": "often", "label": "较多"}, {"value": "always", "label": "大量"}]}, {"name": "lightning", "value": "default", "type": "environment", "label": "闪电", "options": [{"value": "never", "label": "无"}, {"value": "rare", "label": "较少"}, {"value": "default", "label": "默认"}, {"value": "often", "label": "较多"}, {"value": "always", "label": "大量"}]}, {"name": "loop", "value": "default", "type": "environment", "label": "环状地形", "options": [{"value": "never", "label": "无"}, {"value": "default", "label": "默认"}, {"value": "always", "label": "总是"}]}, {"name": "petrification", "value": "default", "type": "environment", "label": "石化速率", "options": [{"value": "none", "label": "无"}, {"value": "few", "label": "慢"}, {"value": "default", "label": "默认"}, {"value": "many", "label": "快"}, {"value": "max", "label": "极快"}]}, {"name": "regrowth", "value": "default", "type": "environment", "label": "资源再生", "options": [{"value": "veryslow", "label": "极慢"}, {"value": "slow", "label": "慢"}, {"value": "default", "label": "默认"}, {"value": "fast", "label": "快"}, {"value": "veryfast", "label": "极快"}]}, {"name": "season_start", "value": "default", "type": "environment", "label": "初始季节", "options": [{"value": "default", "label": "秋季"}, {"value": "winter", "label": "冬季"}, {"value": "spring", "label": "春季"}, {"value": "summer", "label": "夏季"}, {"value": "autumnorspring", "label": "秋或春"}, {"value": "winterorsummer", "label": "冬或夏"}, {"value": "random", "label": "随机"}]}, {"name": "specialevent", "value": "default", "type": "environment", "label": "节日活动", "options": [{"value": "none", "label": "无"}, {"value": "default", "label": "自动"}, {"value": "hallowed_nights", "label": "万圣夜"}, {"value": "winters_feast", "label": "冬季盛宴"}, {"value": "year_of_the_gobbler", "label": "鸡年活动"}, {"value": "year_of_the_varg", "label": "狗年活动"}, {"value": "year_of_the_pig", "label": "猪王年"}]}, {"name": "spring", "value": "default", "type": "environment", "label": "春天", "options": [{"value": "noseason", "label": "无"}, {"value": "veryshortseason", "label": "很短"}, {"value": "shortseason", "label": "短"}, {"value": "longseason", "label": "长"}, {"value": "verylongseason", "label": "很长"}, {"value": "random", "label": "随机"}, {"value": "default", "label": "默认"}]}, {"name": "start_location", "value": "default", "type": "environment", "label": "初始环境", "options": [{"value": "plus", "label": "三箱"}, {"value": "darkness", "label": "永夜"}, {"value": "default", "label": "默认"}]}, {"name": "summer", "value": "default", "type": "environment", "label": "夏天", "options": [{"value": "noseason", "label": "无"}, {"value": "veryshortseason", "label": "很短"}, {"value": "shortseason", "label": "短"}, {"value": "longseason", "label": "长"}, {"value": "verylongseason", "label": "很长"}, {"value": "random", "label": "随机"}, {"value": "default", "label": "默认"}]}, {"name": "touchstone", "value": "default", "type": "environment", "label": "猪头祭坛", "options": [{"value": "never", "label": "无"}, {"value": "rare", "label": "较少"}, {"value": "default", "label": "默认"}, {"value": "often", "label": "较多"}, {"value": "always", "label": "大量"}]}, {"name": "weather", "value": "default", "type": "environment", "label": "雨", "options": [{"value": "never", "label": "无"}, {"value": "rare", "label": "较少"}, {"value": "default", "label": "默认"}, {"value": "often", "label": "较多"}, {"value": "always", "label": "大量"}]}, {"name": "wildfires", "value": "default", "type": "environment", "label": "自燃", "options": [{"value": "never", "label": "无"}, {"value": "rare", "label": "较少"}, {"value": "default", "label": "默认"}, {"value": "often", "label": "较多"}, {"value": "always", "label": "大量"}]}, {"name": "winter", "value": "default", "type": "environment", "label": "冬天", "options": [{"value": "noseason", "label": "无"}, {"value": "veryshortseason", "label": "很短"}, {"value": "shortseason", "label": "短"}, {"value": "longseason", "label": "长"}, {"value": "verylongseason", "label": "很长"}, {"value": "random", "label": "随机"}, {"value": "default", "label": "默认"}]}, {"name": "world_size", "value": "default", "type": "environment", "label": "地图大小", "options": [{"value": "small", "label": "小型"}, {"value": "medium", "label": "中等"}, {"value": "huge", "label": "巨型"}, {"value": "default", "label": "大型"}]}, {"name": "roads", "value": "default", "type": "environment", "label": "道路", "options": [{"value": "never", "label": "无"}, {"value": "default", "label": "默认"}]}, {"name": "task_set", "value": "default", "type": "environment", "label": "生物群落", "options": [{"value": "classic", "label": "没有巨人"}, {"value": "default", "label": "联机"}]}, {"name": "prefabswaps_start", "value": "default", "type": "environment", "label": "初始多样性", "options": [{"value": "classic", "label": "经典"}, {"value": "highlyrandom", "label": "高度随机"}, {"value": "default", "label": "默认"}]}, {"name": "alternatehunt", "value": "default", "type": "source", "label": "动物脚印", "options": [{"value": "never", "label": "无"}, {"value": "rare", "label": "较少"}, {"value": "default", "label": "默认"}, {"value": "often", "label": "较多"}, {"value": "always", "label": "大量"}]}, {"name": "flint", "value": "default", "type": "source", "label": "燧石", "options": [{"value": "never", "label": "无"}, {"value": "rare", "label": "较少"}, {"value": "default", "label": "默认"}, {"value": "often", "label": "较多"}, {"value": "always", "label": "大量"}]}, {"name": "flowers", "value": "default", "type": "source", "label": "花", "options": [{"value": "never", "label": "无"}, {"value": "rare", "label": "较少"}, {"value": "default", "label": "默认"}, {"value": "often", "label": "较多"}, {"value": "always", "label": "大量"}]}, {"name": "grass", "value": "default", "type": "source", "label": "草", "options": [{"value": "never", "label": "无"}, {"value": "rare", "label": "较少"}, {"value": "default", "label": "默认"}, {"value": "often", "label": "较多"}, {"value": "always", "label": "大量"}]}, {"name": "marshbush", "value": "default", "type": "source", "label": "荆棘灌木", "options": [{"value": "never", "label": "无"}, {"value": "rare", "label": "较少"}, {"value": "default", "label": "默认"}, {"value": "often", "label": "较多"}, {"value": "always", "label": "大量"}]}, {"name": "meteorshowers", "value": "default", "type": "source", "label": "陨石区域", "options": [{"value": "never", "label": "无"}, {"value": "rare", "label": "较少"}, {"value": "default", "label": "默认"}, {"value": "often", "label": "较多"}, {"value": "always", "label": "大量"}]}, {"name": "meteorspawner", "value": "default", "type": "source", "label": "陨石频率", "options": [{"value": "never", "label": "无"}, {"value": "rare", "label": "较少"}, {"value": "default", "label": "默认"}, {"value": "often", "label": "较多"}, {"value": "always", "label": "大量"}]}, {"name": "ponds", "value": "default", "type": "source", "label": "池塘", "options": [{"value": "never", "label": "无"}, {"value": "rare", "label": "较少"}, {"value": "default", "label": "默认"}, {"value": "often", "label": "较多"}, {"value": "always", "label": "大量"}]}, {"name": "reeds", "value": "default", "type": "source", "label": "芦苇", "options": [{"value": "never", "label": "无"}, {"value": "rare", "label": "较少"}, {"value": "default", "label": "默认"}, {"value": "often", "label": "较多"}, {"value": "always", "label": "大量"}]}, {"name": "rock", "value": "default", "type": "source", "label": "岩石", "options": [{"value": "never", "label": "无"}, {"value": "rare", "label": "较少"}, {"value": "default", "label": "默认"}, {"value": "often", "label": "较多"}, {"value": "always", "label": "大量"}]}, {"name": "rock_ice", "value": "default", "type": "source", "label": "冰川", "options": [{"value": "never", "label": "无"}, {"value": "rare", "label": "较少"}, {"value": "default", "label": "默认"}, {"value": "often", "label": "较多"}, {"value": "always", "label": "大量"}]}, {"name": "sapling", "value": "default", "type": "source", "label": "树枝", "options": [{"value": "never", "label": "无"}, {"value": "rare", "label": "较少"}, {"value": "default", "label": "默认"}, {"value": "often", "label": "较多"}, {"value": "always", "label": "大量"}]}, {"name": "trees", "value": "default", "type": "source", "label": "树木", "options": [{"value": "never", "label": "无"}, {"value": "rare", "label": "较少"}, {"value": "default", "label": "默认"}, {"value": "often", "label": "较多"}, {"value": "always", "label": "大量"}]}, {"name": "tumbleweed", "value": "default", "type": "source", "label": "风滚草", "options": [{"value": "never", "label": "无"}, {"value": "rare", "label": "较少"}, {"value": "default", "label": "默认"}, {"value": "often", "label": "较多"}, {"value": "always", "label": "大量"}]}, {"name": "berrybush", "value": "default", "type": "food", "label": "浆果丛", "options": [{"value": "never", "label": "无"}, {"value": "rare", "label": "较少"}, {"value": "default", "label": "默认"}, {"value": "often", "label": "较多"}, {"value": "always", "label": "大量"}]}, {"name": "cactus", "value": "default", "type": "food", "label": "仙人掌", "options": [{"value": "never", "label": "无"}, {"value": "rare", "label": "较少"}, {"value": "default", "label": "默认"}, {"value": "often", "label": "较多"}, {"value": "always", "label": "大量"}]}, {"name": "carrot", "value": "default", "type": "food", "label": "胡萝卜", "options": [{"value": "never", "label": "无"}, {"value": "rare", "label": "较少"}, {"value": "default", "label": "默认"}, {"value": "often", "label": "较多"}, {"value": "always", "label": "大量"}]}, {"name": "mushroom", "value": "default", "type": "food", "label": "蘑菇", "options": [{"value": "never", "label": "无"}, {"value": "rare", "label": "较少"}, {"value": "default", "label": "默认"}, {"value": "often", "label": "较多"}, {"value": "always", "label": "大量"}]}, {"name": "angrybees", "value": "default", "type": "animal", "label": "杀人蜂", "options": [{"value": "never", "label": "无"}, {"value": "rare", "label": "较少"}, {"value": "default", "label": "默认"}, {"value": "often", "label": "较多"}, {"value": "always", "label": "大量"}]}, {"name": "beefalo", "value": "default", "type": "animal", "label": "皮费罗牛", "options": [{"value": "never", "label": "无"}, {"value": "rare", "label": "较少"}, {"value": "default", "label": "默认"}, {"value": "often", "label": "较多"}, {"value": "always", "label": "大量"}]}, {"name": "bees", "value": "default", "type": "animal", "label": "蜜蜂", "options": [{"value": "never", "label": "无"}, {"value": "rare", "label": "较少"}, {"value": "default", "label": "默认"}, {"value": "often", "label": "较多"}, {"value": "always", "label": "大量"}]}, {"name": "birds", "value": "default", "type": "animal", "label": "鸟", "options": [{"value": "never", "label": "无"}, {"value": "rare", "label": "较少"}, {"value": "default", "label": "默认"}, {"value": "often", "label": "较多"}, {"value": "always", "label": "大量"}]}, {"name": "butterfly", "value": "default", "type": "animal", "label": "蝴蝶", "options": [{"value": "never", "label": "无"}, {"value": "rare", "label": "较少"}, {"value": "default", "label": "默认"}, {"value": "often", "label": "较多"}, {"value": "always", "label": "大量"}]}, {"name": "buzzard", "value": "default", "type": "animal", "label": "秃鹫", "options": [{"value": "never", "label": "无"}, {"value": "rare", "label": "较少"}, {"value": "default", "label": "默认"}, {"value": "often", "label": "较多"}, {"value": "always", "label": "大量"}]}, {"name": "catcoon", "value": "default", "type": "animal", "label": "浣猫", "options": [{"value": "never", "label": "无"}, {"value": "rare", "label": "较少"}, {"value": "default", "label": "默认"}, {"value": "often", "label": "较多"}, {"value": "always", "label": "大量"}]}, {"name": "hunt", "value": "default", "type": "animal", "label": "狼/羊/象", "options": [{"value": "never", "label": "无"}, {"value": "rare", "label": "较少"}, {"value": "default", "label": "默认"}, {"value": "often", "label": "较多"}, {"value": "always", "label": "大量"}]}, {"name": "lightninggoat", "value": "default", "type": "animal", "label": "电羊", "options": [{"value": "never", "label": "无"}, {"value": "rare", "label": "较少"}, {"value": "default", "label": "默认"}, {"value": "often", "label": "较多"}, {"value": "always", "label": "大量"}]}, {"name": "moles", "value": "default", "type": "animal", "label": "鼹鼠", "options": [{"value": "never", "label": "无"}, {"value": "rare", "label": "较少"}, {"value": "default", "label": "默认"}, {"value": "often", "label": "较多"}, {"value": "always", "label": "大量"}]}, {"name": "penguins", "value": "default", "type": "animal", "label": "企鹅", "options": [{"value": "never", "label": "无"}, {"value": "rare", "label": "较少"}, {"value": "default", "label": "默认"}, {"value": "often", "label": "较多"}, {"value": "always", "label": "大量"}]}, {"name": "perd", "value": "default", "type": "animal", "label": "火鸡", "options": [{"value": "never", "label": "无"}, {"value": "rare", "label": "较少"}, {"value": "default", "label": "默认"}, {"value": "often", "label": "较多"}, {"value": "always", "label": "大量"}]}, {"name": "pigs", "value": "default", "type": "animal", "label": "猪人", "options": [{"value": "never", "label": "无"}, {"value": "rare", "label": "较少"}, {"value": "default", "label": "默认"}, {"value": "often", "label": "较多"}, {"value": "always", "label": "大量"}]}, {"name": "rabbits", "value": "default", "type": "animal", "label": "兔子", "options": [{"value": "never", "label": "无"}, {"value": "rare", "label": "较少"}, {"value": "default", "label": "默认"}, {"value": "often", "label": "较多"}, {"value": "always", "label": "大量"}]}, {"name": "tallbirds", "value": "default", "type": "animal", "label": "高脚鸟", "options": [{"value": "never", "label": "无"}, {"value": "rare", "label": "较少"}, {"value": "default", "label": "默认"}, {"value": "often", "label": "较多"}, {"value": "always", "label": "大量"}]}, {"name": "beefaloheat", "value": "default", "type": "animal", "label": "牛发情频率", "options": [{"value": "never", "label": "无"}, {"value": "rare", "label": "较少"}, {"value": "default", "label": "默认"}, {"value": "often", "label": "较多"}, {"value": "always", "label": "大量"}]}, {"name": "antliontribute", "value": "default", "type": "monster", "label": "蚁狮事件", "options": [{"value": "never", "label": "无"}, {"value": "rare", "label": "较少"}, {"value": "default", "label": "默认"}, {"value": "often", "label": "较多"}, {"value": "always", "label": "大量"}]}, {"name": "bearger", "value": "rare", "type": "monster", "label": "熊", "options": [{"value": "never", "label": "无"}, {"value": "rare", "label": "较少"}, {"value": "default", "label": "默认"}, {"value": "often", "label": "较多"}, {"value": "always", "label": "大量"}]}, {"name": "chess", "value": "default", "type": "monster", "label": "齿轮怪", "options": [{"value": "never", "label": "无"}, {"value": "rare", "label": "较少"}, {"value": "default", "label": "默认"}, {"value": "often", "label": "较多"}, {"value": "always", "label": "大量"}]}, {"name": "deciduousmonster", "value": "default", "type": "monster", "label": "桦树精", "options": [{"value": "never", "label": "无"}, {"value": "rare", "label": "较少"}, {"value": "default", "label": "默认"}, {"value": "often", "label": "较多"}, {"value": "always", "label": "大量"}]}, {"name": "deerclops", "value": "default", "type": "monster", "label": "独眼巨鹿", "options": [{"value": "never", "label": "无"}, {"value": "rare", "label": "较少"}, {"value": "default", "label": "默认"}, {"value": "often", "label": "较多"}, {"value": "always", "label": "大量"}]}, {"name": "dragonfly", "value": "default", "type": "monster", "label": "龙蝇", "options": [{"value": "never", "label": "无"}, {"value": "rare", "label": "较少"}, {"value": "default", "label": "默认"}, {"value": "often", "label": "较多"}, {"value": "always", "label": "大量"}]}, {"name": "goosemoose", "value": "default", "type": "monster", "label": "鹿角鹅", "options": [{"value": "never", "label": "无"}, {"value": "rare", "label": "较少"}, {"value": "default", "label": "默认"}, {"value": "often", "label": "较多"}, {"value": "always", "label": "大量"}]}, {"name": "houndmound", "value": "default", "type": "monster", "label": "猎犬丘", "options": [{"value": "never", "label": "无"}, {"value": "rare", "label": "较少"}, {"value": "default", "label": "默认"}, {"value": "often", "label": "较多"}, {"value": "always", "label": "大量"}]}, {"name": "hounds", "value": "default", "type": "monster", "label": "猎犬袭击", "options": [{"value": "never", "label": "无"}, {"value": "rare", "label": "较少"}, {"value": "default", "label": "默认"}, {"value": "often", "label": "较多"}, {"value": "always", "label": "大量"}]}, {"name": "krampus", "value": "default", "type": "monster", "label": "坎普斯", "options": [{"value": "never", "label": "无"}, {"value": "rare", "label": "较少"}, {"value": "default", "label": "默认"}, {"value": "often", "label": "较多"}, {"value": "always", "label": "大量"}]}, {"name": "liefs", "value": "default", "type": "monster", "label": "树精", "options": [{"value": "never", "label": "无"}, {"value": "rare", "label": "较少"}, {"value": "default", "label": "默认"}, {"value": "often", "label": "较多"}, {"value": "always", "label": "大量"}]}, {"name": "lureplants", "value": "default", "type": "monster", "label": "食人花", "options": [{"value": "never", "label": "无"}, {"value": "rare", "label": "较少"}, {"value": "default", "label": "默认"}, {"value": "often", "label": "较多"}, {"value": "always", "label": "大量"}]}, {"name": "merm", "value": "default", "type": "monster", "label": "鱼人", "options": [{"value": "never", "label": "无"}, {"value": "rare", "label": "较少"}, {"value": "default", "label": "默认"}, {"value": "often", "label": "较多"}, {"value": "always", "label": "大量"}]}, {"name": "spiders", "value": "default", "type": "monster", "label": "蜘蛛", "options": [{"value": "never", "label": "无"}, {"value": "rare", "label": "较少"}, {"value": "default", "label": "默认"}, {"value": "often", "label": "较多"}, {"value": "always", "label": "大量"}]}, {"name": "tentacles", "value": "default", "type": "monster", "label": "触手怪", "options": [{"value": "never", "label": "无"}, {"value": "rare", "label": "较少"}, {"value": "default", "label": "默认"}, {"value": "often", "label": "较多"}, {"value": "always", "label": "大量"}]}, {"name": "walrus", "value": "default", "type": "monster", "label": "海象", "options": [{"value": "never", "label": "无"}, {"value": "rare", "label": "较少"}, {"value": "default", "label": "默认"}, {"value": "often", "label": "较多"}, {"value": "always", "label": "大量"}]}, {"name": "layout_mode", "value": "LinkNodesByKeys", "type": "other", "label": "其他"}, {"name": "wormhole_prefab", "value": "wormhole", "type": "other", "label": "虫洞生物"}, {"name": "clusterid", "value": "6nP6z3Nt", "type": "clusterid", "label": "其他"}, {"name": "shardid", "value": "AyW8nEez", "type": "shardid", "label": "其他"}, {"name": "shardtype", "value": "地面", "type": "shardtype", "label": "其他"}], "random_set_pieces": "{\"Sculptures_2\", \"Sculptures_3\", \"Sculptures_4\", \"Sculptures_5\", \"Chessy_1\", \"Chessy_2\", \"Chessy_3\", \"Chessy_4\", \"Chessy_5\", \"Chessy_6\", \"Maxwell1\", \"Maxwell2\", \"Maxwell3\", \"Maxwell4\", \"Maxwell6\", \"Maxwell7\", \"Warzone_1\", \"Warzone_2\", \"Warzone_3\"}", "required_prefabs": "{\"multiplayer_portal\"}", "required_setpieces": "{\"Sculptures_1\", \"Maxwell5\"}", "substitutes": "{}", "version": "4"}