[{"tips": "不同世界端口不得相同", "name": "server_port", "value": "11017", "label": "世界端口", "type": "[NETWORK]", "opreate": "number"}, {"tips": "一个存档只能有一个主世界", "name": "is_master", "value": "true", "label": "是否主世界", "type": "[SHARD]", "opreate": "choose", "options": [{"value": "true", "label": "主世界"}, {"value": "false", "label": "附从世界"}]}, {"tips": "选择类型以配置世界环境", "name": "shard_type", "value": "forest", "label": "世界类型", "type": "other", "opreate": "choose", "options": [{"value": "forest", "label": "地面"}, {"value": "caves", "label": "洞穴"}, {"value": "lavaarena", "label": "熔炉"}, {"value": "quagmire", "label": "暴食"}]}, {"tips": "不编码则为玩家KLEIID", "name": "encode_user_path", "value": "true", "label": "编码文件夹名称", "type": "[ACCOUNT]", "opreate": "choose", "options": [{"value": "true", "label": "是"}, {"value": "false", "label": "否"}]}, {"tips": "不要用中文", "name": "shardname", "value": "Master", "label": "世界名称", "type": "[SHARD]", "opreate": "read"}, {"tips": "不同世界不要相同", "name": "id", "value": "17535", "label": "世界ID", "type": "[SHARD]", "opreate": "number"}, {"tips": "不同世界不要相同", "name": "master_server_port", "value": "27902", "label": "Steam服务端口", "type": "[STEAM]", "opreate": "number"}, {"tips": "不同世界不要相同", "name": "authentication_port", "value": "8785", "label": "Steam认证端口", "type": "[STEAM]", "opreate": "number"}, {"tips": "", "name": "shardfolder", "value": "AyW8nEez", "label": "", "type": "hide", "opreate": "shardfolder"}, {"tips": "", "name": "clustershardid", "value": "6nP6z3Nt", "label": "", "type": "hide", "opreate": "clustershardid"}]