{"info": [{"cluster_name": "由脚本dstserver.sh创建！", "cluster_folder": "6nP6z3Nt", "cluster_create_time": "2021-01-27 17:46:08"}], "data": [{"tips": "就是显示给玩家看到的房间名", "name": "cluster_name", "value": "由脚本dstserver.sh创建！", "label": "房间名称", "type": "[NETWORK]", "opreate": "read"}, {"tips": "写一段话介绍你的房间", "name": "cluster_description", "value": "由脚本dstserver.sh创建！", "label": "房间简介", "type": "[NETWORK]", "opreate": "read"}, {"tips": "你的游戏风格", "name": "cluster_intention", "value": "social", "label": "游戏风格", "type": "[NETWORK]", "opreate": "choose", "options": [{"value": "social", "label": "休闲"}, {"value": "cooperative", "label": "合作"}, {"value": "competitive", "label": "竞赛"}, {"value": "madness", "label": "疯狂"}]}, {"tips": "游戏模式，对应MOD需要切到对应模式", "name": "game_mode", "value": "survival", "label": "游戏模式", "type": "GAMEPLAY", "opreate": "choose", "options": [{"value": "endless", "label": "无尽"}, {"value": "survival", "label": "生存"}, {"value": "wilderness", "label": "荒野"}, {"value": "lavaarena", "label": "熔炉"}, {"value": "quagmire", "label": "暴食"}]}, {"tips": "服务端游戏语言，不影响客户端", "name": "cluster_language", "value": "zh", "label": "游戏语言", "type": "[NETWORK]", "opreate": "choose", "options": [{"value": "zh", "label": "简体中文"}, {"value": "en", "label": "英语"}]}, {"tips": "Steam群组ID", "name": "steam_group_id", "value": "000000", "label": "Steam群组ID", "type": "[STEAM]", "opreate": "read"}, {"tips": "自动设置Steam群组的管理员为服务器管理员", "name": "steam_group_admins", "value": "false", "label": "群组官员设为管理员", "type": "[STEAM]", "opreate": "choose", "options": [{"value": "true", "label": "开启"}, {"value": "false", "label": "关闭"}]}, {"tips": "仅允许Steam群组的成员进入游戏", "name": "steam_group_only", "value": "false", "label": "仅群组成员可进", "type": "[STEAM]", "opreate": "choose", "options": [{"value": "true", "label": "开启"}, {"value": "false", "label": "关闭"}]}, {"tips": "游戏内没有玩家时暂停，暴食MOD请关掉", "name": "pause_when_empty", "value": "true", "label": "无人暂停", "type": "GAMEPLAY", "opreate": "choose", "options": [{"value": "true", "label": "开启"}, {"value": "false", "label": "关闭"}]}, {"tips": "游戏呢可以投票踢人重置", "name": "vote_enabled", "value": "true", "label": "投票", "type": "GAMEPLAY", "opreate": "choose", "options": [{"value": "true", "label": "开启"}, {"value": "false", "label": "关闭"}]}, {"tips": "玩家可以攻击玩家", "name": "pvp", "value": "false", "label": "PVP竞技", "type": "GAMEPLAY", "opreate": "choose", "options": [{"value": "true", "label": "开启"}, {"value": "false", "label": "关闭"}]}, {"tips": "房间内保留的空档位，需要设置白名单才生效", "name": "whitelist_slots", "value": "0", "label": "房间预留位置个数", "type": "[NETWORK]", "opreate": "number"}, {"tips": "玩家为挂机状态时多久把他踢掉，单位为秒", "name": "idle_timeout", "value": "0", "label": "挂机超时踢出时间", "type": "[NETWORK]", "opreate": "number"}, {"tips": "有密码路人就进不来你的房间了，不设置空", "name": "cluster_password", "value": "", "label": "房间密码", "type": "[NETWORK]", "opreate": "read"}, {"tips": "房间内最大玩家数量，最大64，可以通过MOD修改", "name": "max_players", "value": "6", "label": "最大玩家人数", "type": "GAMEPLAY", "opreate": "number"}, {"tips": "就是玩家第一次进入房间所在的世界的服务器IP", "name": "master_ip", "value": "127.0.0.1", "label": "主世界IP", "type": "[SHARD]", "opreate": "choose"}, {"tips": "", "name": "lan_only_cluster", "value": "false", "label": "仅局域网", "type": "[NETWORK]", "opreate": "readonly"}, {"tips": "", "name": "offline_cluster", "value": "false", "label": "离线模式", "type": "[NETWORK]", "opreate": "readonly"}, {"tips": "", "name": "autosaver_enabled", "value": "true", "label": "自动保存", "type": "[NETWORK]", "opreate": "readonly"}, {"tips": "", "name": "tick_rate", "value": "15", "label": "主客机同步频率", "type": "[NETWORK]", "opreate": "readonly"}, {"tips": "大概等同于可以回档的天数，越大可以回到越久之前", "name": "max_snapshots", "value": "10", "label": "最大存档快照数", "type": "[MISC]", "opreate": "number"}, {"tips": "", "name": "console_enabled", "value": "true", "label": "控制台", "type": "[MISC]", "opreate": "readonly"}, {"tips": "", "name": "shard_enabled", "value": "true", "label": "多世界", "type": "[SHARD]", "opreate": "readonly"}, {"tips": "", "name": "bind_ip", "value": "0.0.0.0", "label": "绑定IP", "type": "[SHARD]", "opreate": "readonly"}, {"tips": "一个主机同时开不同存档该值不得相同", "name": "master_port", "value": "10888", "label": "游戏端口", "type": "[SHARD]", "opreate": "number"}, {"tips": "同一存档该项必须相同", "name": "cluster_key", "value": "Ariwori", "label": "多世界通信秘钥", "type": "[SHARD]", "opreate": "read"}, {"tips": "", "name": "cluster_id", "value": "6nP6z3Nt", "label": "存档ID", "type": "[OTHER]", "opreate": "clusterid"}]}