{"background_node_range":"{ 0, 1 }","desc":"由脚本dstserver.sh创建！","hideminimap":"false","id":"DST_CAVE","location":"cave","max_playlist_position":"999","min_playlist_position":"0","name":"洞穴探险--由脚本dstserver.sh创建！","numrandom_set_pieces":"0","override_level_string":"false","overrides":[{"name":"boons","value":"default","type":"environment","label":"前辈遗迹","options":[{"value":"never","label":"无"},{"value":"rare","label":"较少"},{"value":"default","label":"默认"},{"value":"often","label":"较多"},{"value":"always","label":"大量"}]},{"name":"branching","value":"default","type":"environment","label":"岔路地形","options":[{"value":"never","label":"无"},{"value":"least","label":"最少"},{"value":"default","label":"默认"},{"value":"most","label":"最多"},{"value":"random","label":"随机"}]},{"name":"cavelight","value":"default","type":"environment","label":"洞穴光照","options":[{"value":"veryslow","label":"极慢"},{"value":"slow","label":"慢"},{"value":"default","label":"默认"},{"value":"fast","label":"快"},{"value":"veryfast","label":"极快"}]},{"name":"disease_delay","value":"default","type":"environment","label":"作物患病","options":[{"value":"none","label":"无"},{"value":"random","label":"随机"},{"value":"long","label":"慢"},{"value":"default","label":"默认"},{"value":"short","label":"快"}]},{"name":"earthquakes","value":"default","type":"environment","label":"地震频率","options":[{"value":"never","label":"无"},{"value":"rare","label":"较少"},{"value":"default","label":"默认"},{"value":"often","label":"较多"},{"value":"always","label":"大量"}]},{"name":"loop","value":"default","type":"environment","label":"环状地形","options":[{"value":"never","label":"无"},{"value":"default","label":"默认"},{"value":"always","label":"总是"}]},{"name":"petrification","value":"default","type":"environment","label":"石化速率","options":[{"value":"none","label":"无"},{"value":"few","label":"慢"},{"value":"default","label":"默认"},{"value":"many","label":"快"},{"value":"max","label":"极快"}]},{"name":"regrowth","value":"default","type":"environment","label":"资源再生","options":[{"value":"veryslow","label":"极慢"},{"value":"slow","label":"慢"},{"value":"default","label":"默认"},{"value":"fast","label":"快"},{"value":"veryfast","label":"极快"}]},{"name":"touchstone","value":"default","type":"environment","label":"猪头祭坛","options":[{"value":"never","label":"无"},{"value":"rare","label":"较少"},{"value":"default","label":"默认"},{"value":"often","label":"较多"},{"value":"always","label":"大量"}]},{"name":"weather","value":"default","type":"environment","label":"雨","options":[{"value":"never","label":"无"},{"value":"rare","label":"较少"},{"value":"default","label":"默认"},{"value":"often","label":"较多"},{"value":"always","label":"大量"}]},{"name":"world_size","value":"default","type":"environment","label":"地图大小","options":[{"value":"small","label":"小型"},{"value":"medium","label":"中等"},{"value":"huge","label":"巨型"},{"value":"default","label":"大型"}]},{"name":"wormlights","value":"default","type":"environment","label":"发光浆果","options":[{"value":"never","label":"无"},{"value":"rare","label":"较少"},{"value":"default","label":"默认"},{"value":"often","label":"较多"},{"value":"always","label":"大量"}]},{"name":"roads","value":"never","type":"environment","label":"道路","options":[{"value":"never","label":"无"},{"value":"default","label":"默认"}]},{"name":"prefabswaps_start","value":"default","type":"environment","label":"初始多样性","options":[{"value":"classic","label":"经典"},{"value":"highlyrandom","label":"高度随机"},{"value":"default","label":"默认"}]},{"name":"fern","value":"default","type":"source","label":"蕨类植物","options":[{"value":"never","label":"无"},{"value":"rare","label":"较少"},{"value":"default","label":"默认"},{"value":"often","label":"较多"},{"value":"always","label":"大量"}]},{"name":"flint","value":"default","type":"source","label":"燧石","options":[{"value":"never","label":"无"},{"value":"rare","label":"较少"},{"value":"default","label":"默认"},{"value":"often","label":"较多"},{"value":"always","label":"大量"}]},{"name":"flower_cave","value":"default","type":"source","label":"荧光花","options":[{"value":"never","label":"无"},{"value":"rare","label":"较少"},{"value":"default","label":"默认"},{"value":"often","label":"较多"},{"value":"always","label":"大量"}]},{"name":"grass","value":"default","type":"source","label":"草","options":[{"value":"never","label":"无"},{"value":"rare","label":"较少"},{"value":"default","label":"默认"},{"value":"often","label":"较多"},{"value":"always","label":"大量"}]},{"name":"marshbush","value":"default","type":"source","label":"荆棘灌木","options":[{"value":"never","label":"无"},{"value":"rare","label":"较少"},{"value":"default","label":"默认"},{"value":"often","label":"较多"},{"value":"always","label":"大量"}]},{"name":"mushtree","value":"default","type":"source","label":"蘑菇树","options":[{"value":"never","label":"无"},{"value":"rare","label":"较少"},{"value":"default","label":"默认"},{"value":"often","label":"较多"},{"value":"always","label":"大量"}]},{"name":"reeds","value":"default","type":"source","label":"芦苇","options":[{"value":"never","label":"无"},{"value":"rare","label":"较少"},{"value":"default","label":"默认"},{"value":"often","label":"较多"},{"value":"always","label":"大量"}]},{"name":"rock","value":"default","type":"source","label":"岩石","options":[{"value":"never","label":"无"},{"value":"rare","label":"较少"},{"value":"default","label":"默认"},{"value":"often","label":"较多"},{"value":"always","label":"大量"}]},{"name":"sapling","value":"default","type":"source","label":"树枝","options":[{"value":"never","label":"无"},{"value":"rare","label":"较少"},{"value":"default","label":"默认"},{"value":"often","label":"较多"},{"value":"always","label":"大量"}]},{"name":"trees","value":"default","type":"source","label":"树木","options":[{"value":"never","label":"无"},{"value":"rare","label":"较少"},{"value":"default","label":"默认"},{"value":"often","label":"较多"},{"value":"always","label":"大量"}]},{"name":"banana","value":"default","type":"food","label":"香蕉","options":[{"value":"never","label":"无"},{"value":"rare","label":"较少"},{"value":"default","label":"默认"},{"value":"often","label":"较多"},{"value":"always","label":"大量"}]},{"name":"berrybush","value":"often","type":"food","label":"浆果丛","options":[{"value":"never","label":"无"},{"value":"rare","label":"较少"},{"value":"default","label":"默认"},{"value":"often","label":"较多"},{"value":"always","label":"大量"}]},{"name":"lichen","value":"default","type":"food","label":"苔藓","options":[{"value":"never","label":"无"},{"value":"rare","label":"较少"},{"value":"default","label":"默认"},{"value":"often","label":"较多"},{"value":"always","label":"大量"}]},{"name":"mushroom","value":"default","type":"food","label":"蘑菇","options":[{"value":"never","label":"无"},{"value":"rare","label":"较少"},{"value":"default","label":"默认"},{"value":"often","label":"较多"},{"value":"always","label":"大量"}]},{"name":"bunnymen","value":"default","type":"animal","label":"兔人","options":[{"value":"never","label":"无"},{"value":"rare","label":"较少"},{"value":"default","label":"默认"},{"value":"often","label":"较多"},{"value":"always","label":"大量"}]},{"name":"cave_ponds","value":"default","type":"animal","label":"洞穴池塘","options":[{"value":"never","label":"无"},{"value":"rare","label":"较少"},{"value":"default","label":"默认"},{"value":"often","label":"较多"},{"value":"always","label":"大量"}]},{"name":"monkey","value":"default","type":"animal","label":"猴子","options":[{"value":"never","label":"无"},{"value":"rare","label":"较少"},{"value":"default","label":"默认"},{"value":"often","label":"较多"},{"value":"always","label":"大量"}]},{"name":"rocky","value":"default","type":"animal","label":"石虾","options":[{"value":"never","label":"无"},{"value":"rare","label":"较少"},{"value":"default","label":"默认"},{"value":"often","label":"较多"},{"value":"always","label":"大量"}]},{"name":"slurper","value":"default","type":"animal","label":"啜食者","options":[{"value":"never","label":"无"},{"value":"rare","label":"较少"},{"value":"default","label":"默认"},{"value":"often","label":"较多"},{"value":"always","label":"大量"}]},{"name":"slurtles","value":"default","type":"animal","label":"蜗牛","options":[{"value":"never","label":"无"},{"value":"rare","label":"较少"},{"value":"default","label":"默认"},{"value":"often","label":"较多"},{"value":"always","label":"大量"}]},{"name":"bats","value":"rare","type":"monster","label":"蝙蝠","options":[{"value":"never","label":"无"},{"value":"rare","label":"较少"},{"value":"default","label":"默认"},{"value":"often","label":"较多"},{"value":"always","label":"大量"}]},{"name":"cave_spiders","value":"default","type":"monster","label":"洞穴蜘蛛","options":[{"value":"never","label":"无"},{"value":"rare","label":"较少"},{"value":"default","label":"默认"},{"value":"often","label":"较多"},{"value":"always","label":"大量"}]},{"name":"chess","value":"default","type":"monster","label":"齿轮怪","options":[{"value":"never","label":"无"},{"value":"rare","label":"较少"},{"value":"default","label":"默认"},{"value":"often","label":"较多"},{"value":"always","label":"大量"}]},{"name":"fissure","value":"default","type":"monster","label":"影怪裂缝","options":[{"value":"never","label":"无"},{"value":"rare","label":"较少"},{"value":"default","label":"默认"},{"value":"often","label":"较多"},{"value":"always","label":"大量"}]},{"name":"liefs","value":"default","type":"monster","label":"树精","options":[{"value":"never","label":"无"},{"value":"rare","label":"较少"},{"value":"default","label":"默认"},{"value":"often","label":"较多"},{"value":"always","label":"大量"}]},{"name":"tentacles","value":"rare","type":"monster","label":"触手怪","options":[{"value":"never","label":"无"},{"value":"rare","label":"较少"},{"value":"default","label":"默认"},{"value":"often","label":"较多"},{"value":"always","label":"大量"}]},{"name":"wormattacks","value":"default","type":"monster","label":"蠕虫袭击","options":[{"value":"never","label":"无"},{"value":"rare","label":"较少"},{"value":"default","label":"默认"},{"value":"often","label":"较多"},{"value":"always","label":"大量"}]},{"name":"worms","value":"default","type":"monster","label":"蠕虫","options":[{"value":"never","label":"无"},{"value":"rare","label":"较少"},{"value":"default","label":"默认"},{"value":"often","label":"较多"},{"value":"always","label":"大量"}]},{"name":"layout_mode","value":"RestrictNodesByKey","type":"other","label":"其他"},{"name":"start_location","value":"caves","type":"other","label":"其他"},{"name":"task_set","value":"cave_default","type":"other","label":"其他"},{"name":"wormhole_prefab","value":"tentacle_pillar","type":"other","label":"其他"},{"name":"clusterid","value":"","type":"clusterid","label":"其他"},{"name":"shardid","value":"","type":"shardid","label":"其他"},{"name":"shardtype","value":"","type":"shardtype","label":"其他"}],"required_prefabs":"{\"multiplayer_portal\"}","substitutes":"{}","version":"4"}
